{
    "class_names": [
        "adenocarcinoma_left.lower.lobe_T2_N0_M0_Ib",
        "large.cell.carcinoma_left.hilum_T2_N2_M0_IIIa",
        "normal",
        "squamous.cell.carcinoma_left.hilum_T1_N2_M0_IIIa"
    ],
    "img_size": 224,
    "metrics": {
        "accuracy": 0.6571428775787354,
        "precision": 0.8134328126907349,
        "recall": 0.3460317552089691,
        "f1_score": 0.4855233483393935
    }
}